,price,area,bedrooms,bathrooms,stories,mainroad,guestroom,basement,hotwaterheating,airconditioning,parking,prefarea,furnishingstatus_semi-furnished,furnishingstatus_unfurnished
0,13300000,1.0467262882352133,1.4034193573588298,1.4218117367065486,1.3782169202337835,1,0,0,0,1,1.5176924895404067,1,False,False
1,12250000,1.7570095257333957,1.4034193573588298,5.405808633904846,2.53202371213457,1,0,0,0,1,2.679409353022881,0,False,False
2,12250000,2.218232407225722,0.047278311684073836,1.4218117367065486,0.22441012833299692,1,0,1,0,0,1.5176924895404067,1,True,False
3,12215000,1.0836241187545992,1.4034193573588298,1.4218117367065486,0.22441012833299692,1,0,1,0,1,2.679409353022881,1,False,False
4,11410000,1.0467262882352133,1.4034193573588298,-0.5701867118926005,0.22441012833299692,1,1,1,0,1,1.5176924895404067,0,False,False
5,10850000,1.0836241187545992,0.047278311684073836,3.4138101853056977,-0.9293966635677897,1,0,1,0,1,1.5176924895404067,1,True,False
6,10150000,1.5817448307663118,1.4034193573588298,3.4138101853056977,2.53202371213457,1,0,0,0,1,1.5176924895404067,1,True,False
7,10150000,5.096263187737839,2.7595604030335856,3.4138101853056977,0.22441012833299692,1,0,0,0,0,-0.8057412374245417,0,False,True
8,9870000,1.3603578476499951,1.4034193573588298,-0.5701867118926005,0.22441012833299692,1,1,1,0,1,1.5176924895404067,1,False,False
9,9800000,0.2764840761430282,0.047278311684073836,1.4218117367065486,2.53202371213457,1,1,0,0,1,0.35597562605793237,1,False,True
10,9800000,3.712594543260859,0.047278311684073836,-0.5701867118926005,0.22441012833299692,1,0,1,0,1,1.5176924895404067,1,False,False
11,9681000,0.39178979651610985,1.4034193573588298,3.4138101853056977,0.22441012833299692,1,1,1,1,0,1.5176924895404067,0,True,False
12,9310000,0.6454623813368893,1.4034193573588298,1.4218117367065486,0.22441012833299692,1,0,0,0,1,0.35597562605793237,1,True,False
13,9240000,-0.761267407214706,1.4034193573588298,1.4218117367065486,0.22441012833299692,1,0,0,1,0,1.5176924895404067,0,False,False
14,9240000,1.2219909832022973,0.047278311684073836,1.4218117367065486,0.22441012833299692,1,0,0,0,0,-0.8057412374245417,1,True,False
15,9100000,0.39178979651610985,1.4034193573588298,-0.5701867118926005,0.22441012833299692,1,0,1,0,0,1.5176924895404067,0,True,False
16,9100000,0.6685235254115056,1.4034193573588298,1.4218117367065486,0.22441012833299692,1,1,1,0,1,0.35597562605793237,1,False,True
17,8960000,1.5448470002469257,0.047278311684073836,1.4218117367065486,2.53202371213457,1,0,0,0,1,1.5176924895404067,0,False,False
18,8890000,-0.253922237573147,0.047278311684073836,1.4218117367065486,0.22441012833299692,1,1,0,0,1,1.5176924895404067,0,False,False
19,8855000,0.5855034067428869,0.047278311684073836,1.4218117367065486,0.22441012833299692,1,0,0,0,1,0.35597562605793237,1,True,False
20,8750000,-0.3830646443909984,0.047278311684073836,-0.5701867118926005,0.22441012833299692,1,0,1,1,0,1.5176924895404067,0,True,False
21,8680000,0.9245022246397467,0.047278311684073836,1.4218117367065486,-0.9293966635677897,1,1,1,0,1,1.5176924895404067,0,False,True
22,8645000,1.3372967035753787,0.047278311684073836,-0.5701867118926005,-0.9293966635677897,1,1,1,0,1,0.35597562605793237,0,False,False
23,8645000,-0.2723711528328401,0.047278311684073836,1.4218117367065486,0.22441012833299692,1,1,1,0,1,0.35597562605793237,0,False,False
24,8575000,1.6832138646946235,0.047278311684073836,1.4218117367065486,0.22441012833299692,1,0,0,0,1,1.5176924895404067,0,False,False
25,8540000,0.6408501525219661,1.4034193573588298,1.4218117367065486,0.22441012833299692,1,1,1,0,1,1.5176924895404067,1,False,False
26,8463000,0.39178979651610985,0.047278311684073836,1.4218117367065486,2.53202371213457,1,1,1,0,1,-0.8057412374245417,1,True,False
27,8400000,1.717805580806548,0.047278311684073836,-0.5701867118926005,-0.9293966635677897,1,0,0,0,0,0.35597562605793237,0,True,False
28,8400000,1.2911744154261462,2.7595604030335856,1.4218117367065486,0.22441012833299692,1,0,1,1,0,1.5176924895404067,0,False,True
29,8400000,0.16117835576994666,1.4034193573588298,1.4218117367065486,0.22441012833299692,1,0,1,0,1,0.35597562605793237,1,True,False
30,8400000,1.0720935467172912,0.047278311684073836,1.4218117367065486,2.53202371213457,1,0,0,0,1,1.5176924895404067,0,False,True
31,8400000,0.8530126780084362,0.047278311684073836,-0.5701867118926005,2.53202371213457,1,0,0,0,1,1.5176924895404067,0,True,False
32,8295000,-0.12477983075529565,1.4034193573588298,1.4218117367065486,0.22441012833299692,1,0,0,0,1,0.35597562605793237,1,False,False
33,8190000,0.3733408812564168,0.047278311684073836,3.4138101853056977,0.22441012833299692,1,1,1,0,0,0.35597562605793237,0,False,True
34,8120000,0.779217016969664,2.7595604030335856,-0.5701867118926005,0.22441012833299692,1,1,1,0,1,0.35597562605793237,0,False,False
35,8080940,0.8530126780084362,0.047278311684073836,1.4218117367065486,2.53202371213457,1,0,0,0,1,1.5176924895404067,0,False,False
36,8043000,1.0753221068877374,0.047278311684073836,1.4218117367065486,1.3782169202337835,1,0,0,1,0,0.35597562605793237,1,False,False
37,7980000,1.7754584409930887,1.4034193573588298,1.4218117367065486,2.53202371213457,1,0,0,0,1,1.5176924895404067,0,False,False
38,7962500,0.39178979651610985,0.047278311684073836,-0.5701867118926005,2.53202371213457,1,1,0,0,1,1.5176924895404067,0,False,True
39,7910000,0.39178979651610985,1.4034193573588298,1.4218117367065486,2.53202371213457,1,0,0,0,1,0.35597562605793237,0,True,False
40,7875000,0.6454623813368893,0.047278311684073836,-0.5701867118926005,0.22441012833299692,1,0,1,0,1,-0.8057412374245417,1,False,False
41,7840000,0.5578300338533473,0.047278311684073836,1.4218117367065486,2.53202371213457,1,0,0,0,1,-0.8057412374245417,1,False,False
42,7700000,0.6131767796324264,0.047278311684073836,1.4218117367065486,2.53202371213457,1,0,0,0,1,1.5176924895404067,0,False,True
43,7700000,0.39178979651610985,1.4034193573588298,1.4218117367065486,2.53202371213457,1,0,0,0,0,1.5176924895404067,0,True,False
44,7560000,0.39178979651610985,1.4034193573588298,1.4218117367065486,2.53202371213457,1,0,0,0,1,0.35597562605793237,0,False,False
45,7560000,0.39178979651610985,0.047278311684073836,1.4218117367065486,1.3782169202337835,1,0,0,0,1,-0.8057412374245417,0,True,False
46,7525000,0.39178979651610985,0.047278311684073836,1.4218117367065486,2.53202371213457,1,0,0,0,1,0.35597562605793237,0,False,False
47,7490000,0.6685235254115056,0.047278311684073836,-0.5701867118926005,2.53202371213457,1,0,0,0,1,2.679409353022881,1,False,False
48,7455000,-0.39228910202084494,0.047278311684073836,1.4218117367065486,0.22441012833299692,1,0,1,0,0,0.35597562605793237,0,False,True
49,7420000,1.0559507458650597,0.047278311684073836,1.4218117367065486,-0.9293966635677897,1,1,1,0,1,-0.8057412374245417,1,True,False
50,7420000,1.0559507458650597,0.047278311684073836,1.4218117367065486,2.53202371213457,1,0,0,0,0,0.35597562605793237,1,False,True
51,7420000,0.5416872330011159,0.047278311684073836,-0.5701867118926005,2.53202371213457,1,0,0,0,1,0.35597562605793237,0,False,True
52,7350000,0.39178979651610985,1.4034193573588298,1.4218117367065486,2.53202371213457,1,1,0,0,1,0.35597562605793237,0,False,False
53,7350000,-0.00024965275236754836,0.047278311684073836,1.4218117367065486,2.53202371213457,1,0,0,0,1,1.5176924895404067,0,True,False
54,7350000,0.39178979651610985,0.047278311684073836,1.4218117367065486,0.22441012833299692,1,1,0,0,1,0.35597562605793237,0,True,False
55,7350000,0.39178979651610985,0.047278311684073836,-0.5701867118926005,0.22441012833299692,1,0,0,0,1,0.35597562605793237,0,False,True
56,7343000,2.900842271834365,1.4034193573588298,-0.5701867118926005,0.22441012833299692,1,0,1,0,0,0.35597562605793237,1,True,False
57,7245000,1.7754584409930887,1.4034193573588298,1.4218117367065486,2.53202371213457,1,1,0,0,1,0.35597562605793237,1,False,False
58,7210000,1.166644237423218,1.4034193573588298,1.4218117367065486,2.53202371213457,1,1,0,0,1,0.35597562605793237,0,True,False
59,7210000,0.39178979651610985,0.047278311684073836,1.4218117367065486,2.53202371213457,1,1,0,0,1,0.35597562605793237,0,False,False
60,7140000,0.39178979651610985,0.047278311684073836,1.4218117367065486,0.22441012833299692,1,1,0,0,0,0.35597562605793237,0,True,False
61,7070000,1.7201116952140096,-1.308862733990682,-0.5701867118926005,-0.9293966635677897,1,0,0,0,1,0.35597562605793237,0,True,False
62,7070000,0.5024832880742681,1.4034193573588298,1.4218117367065486,0.22441012833299692,1,0,0,0,1,0.35597562605793237,0,False,False
63,7035000,0.5578300338533473,1.4034193573588298,1.4218117367065486,1.3782169202337835,1,0,0,0,1,1.5176924895404067,1,False,False
64,7000000,2.7786182082388984,0.047278311684073836,-0.5701867118926005,-0.9293966635677897,1,0,1,0,1,0.35597562605793237,1,False,False
65,6930000,1.7201116952140096,0.047278311684073836,1.4218117367065486,0.22441012833299692,1,0,1,0,1,0.35597562605793237,0,False,False
66,6930000,3.712594543260859,-1.308862733990682,-0.5701867118926005,-0.9293966635677897,1,0,1,1,0,0.35597562605793237,0,False,False
67,6895000,1.1758686950530646,0.047278311684073836,1.4218117367065486,-0.9293966635677897,1,0,0,0,0,1.5176924895404067,0,False,True
68,6860000,0.39178979651610985,0.047278311684073836,-0.5701867118926005,-0.9293966635677897,1,0,0,0,1,0.35597562605793237,0,False,False
69,6790000,3.200637144804377,1.4034193573588298,1.4218117367065486,0.22441012833299692,1,0,0,0,0,1.5176924895404067,1,False,False
70,6790000,-0.5306559664685429,0.047278311684073836,1.4218117367065486,0.22441012833299692,1,0,1,0,1,-0.8057412374245417,1,True,False
71,6755000,0.39178979651610985,1.4034193573588298,1.4218117367065486,2.53202371213457,1,0,0,0,1,-0.8057412374245417,0,False,True
72,6720000,-0.06020862734636997,0.047278311684073836,-0.5701867118926005,2.53202371213457,1,0,0,0,1,-0.8057412374245417,1,False,True
73,6685000,0.6685235254115056,-1.308862733990682,1.4218117367065486,2.53202371213457,1,0,1,0,0,-0.8057412374245417,1,False,False
74,6650000,-0.5122070512088498,0.047278311684073836,-0.5701867118926005,0.22441012833299692,1,0,1,1,0,0.35597562605793237,0,False,False
75,6650000,-0.410738017280538,1.4034193573588298,1.4218117367065486,0.22441012833299692,1,0,0,1,0,-0.8057412374245417,0,True,False
76,6650000,0.5855034067428869,0.047278311684073836,1.4218117367065486,1.3782169202337835,1,0,0,0,1,-0.8057412374245417,1,False,False
77,6650000,0.622401237262273,0.047278311684073836,1.4218117367065486,1.3782169202337835,1,0,0,0,1,-0.8057412374245417,1,False,False
78,6650000,0.25342293206841193,0.047278311684073836,-0.5701867118926005,-0.9293966635677897,1,1,1,0,1,1.5176924895404067,1,False,False
79,6650000,0.39178979651610985,0.047278311684073836,1.4218117367065486,1.3782169202337835,1,1,0,0,1,-0.8057412374245417,0,False,False
80,6629000,0.39178979651610985,0.047278311684073836,-0.5701867118926005,0.22441012833299692,1,0,0,1,0,0.35597562605793237,1,True,False
81,6615000,-0.5306559664685429,0.047278311684073836,1.4218117367065486,0.22441012833299692,1,0,1,0,1,0.35597562605793237,0,True,False
82,6615000,2.4672927632315784,0.047278311684073836,1.4218117367065486,-0.9293966635677897,1,0,1,0,1,0.35597562605793237,1,False,False
83,6580000,0.39178979651610985,0.047278311684073836,1.4218117367065486,2.53202371213457,1,0,0,0,1,-0.8057412374245417,0,True,False
84,6510000,-0.6413494580267012,0.047278311684073836,-0.5701867118926005,0.22441012833299692,1,0,0,1,0,1.5176924895404067,0,True,False
85,6510000,1.429541279873844,0.047278311684073836,1.4218117367065486,1.3782169202337835,1,0,0,0,1,-0.8057412374245417,0,False,False
86,6510000,0.7008091271159684,0.047278311684073836,-0.5701867118926005,1.3782169202337835,1,0,1,0,0,-0.8057412374245417,1,False,True
87,6475000,-0.5491048817282359,0.047278311684073836,-0.5701867118926005,-0.9293966635677897,1,0,1,0,0,1.5176924895404067,0,True,False
88,6475000,1.04211405942029,0.047278311684073836,-0.5701867118926005,-0.9293966635677897,1,1,1,0,1,1.5176924895404067,1,False,True
89,6440000,1.5817448307663118,2.7595604030335856,3.4138101853056977,0.22441012833299692,1,0,0,0,0,1.5176924895404067,0,False,False
90,6440000,-0.0694330849762165,0.047278311684073836,-0.5701867118926005,0.22441012833299692,1,0,0,0,1,-0.8057412374245417,0,True,False
91,6419000,0.7377069576353545,-1.308862733990682,-0.5701867118926005,-0.9293966635677897,1,1,1,0,0,1.5176924895404067,1,False,False
92,6405000,-0.16167766127468175,0.047278311684073836,1.4218117367065486,2.53202371213457,1,1,0,0,1,-0.8057412374245417,0,False,False
93,6300000,0.9452572543069014,0.047278311684073836,1.4218117367065486,-0.9293966635677897,1,0,1,0,1,2.679409353022881,0,True,False
94,6300000,0.39178979651610985,1.4034193573588298,1.4218117367065486,2.53202371213457,1,0,0,0,0,0.35597562605793237,0,True,False
95,6300000,-0.48453367831931016,0.047278311684073836,1.4218117367065486,1.3782169202337835,1,0,0,0,1,1.5176924895404067,0,True,False
96,6300000,1.7754584409930887,0.047278311684073836,-0.5701867118926005,-0.9293966635677897,1,0,1,0,0,0.35597562605793237,1,False,False
97,6300000,0.5762789491130403,0.047278311684073836,-0.5701867118926005,-0.9293966635677897,1,1,1,0,1,0.35597562605793237,1,True,False
98,6293000,0.6685235254115056,0.047278311684073836,1.4218117367065486,1.3782169202337835,1,0,0,0,1,-0.8057412374245417,1,False,True
99,6265000,0.39178979651610985,1.4034193573588298,-0.5701867118926005,1.3782169202337835,1,1,1,0,0,-0.8057412374245417,1,False,True
100,6230000,0.6685235254115056,0.047278311684073836,1.4218117367065486,-0.9293966635677897,1,0,1,0,1,-0.8057412374245417,1,False,True
101,6230000,0.16117835576994666,0.047278311684073836,-0.5701867118926005,1.3782169202337835,1,0,0,0,0,0.35597562605793237,1,False,True
102,6195000,0.16117835576994666,0.047278311684073836,1.4218117367065486,2.53202371213457,1,1,0,0,1,0.35597562605793237,0,True,False
103,6195000,0.553217805038424,0.047278311684073836,1.4218117367065486,1.3782169202337835,1,1,0,0,1,-0.8057412374245417,0,False,False
104,6195000,0.16117835576994666,0.047278311684073836,1.4218117367065486,-0.9293966635677897,1,1,1,0,0,1.5176924895404067,1,False,False
105,6160000,-0.30004452572237966,0.047278311684073836,-0.5701867118926005,2.53202371213457,1,0,0,0,1,-0.8057412374245417,0,False,True
106,6160000,0.13811721169533034,1.4034193573588298,1.4218117367065486,-0.9293966635677897,1,0,1,0,1,-0.8057412374245417,1,True,False
107,6125000,0.5855034067428869,0.047278311684073836,-0.5701867118926005,1.3782169202337835,1,0,1,0,0,-0.8057412374245417,1,False,True
108,6107500,-0.8811853564027108,1.4034193573588298,-0.5701867118926005,1.3782169202337835,1,0,0,0,0,0.35597562605793237,0,True,False
109,6090000,0.6754418686338906,1.4034193573588298,1.4218117367065486,0.22441012833299692,1,1,0,1,0,0.35597562605793237,0,True,False
110,6090000,0.6685235254115056,0.047278311684073836,-0.5701867118926005,-0.9293966635677897,1,1,1,0,0,1.5176924895404067,1,True,False
111,6090000,1.485810471415908,0.047278311684073836,-0.5701867118926005,1.3782169202337835,1,0,0,0,1,1.5176924895404067,0,False,True
112,6083000,-0.39228910202084494,4.115701448708341,1.4218117367065486,0.22441012833299692,1,0,0,0,0,-0.8057412374245417,0,False,False
113,6083000,2.061416627518331,0.047278311684073836,-0.5701867118926005,-0.9293966635677897,1,0,1,0,0,1.5176924895404067,1,False,False
114,6020000,0.7607681017099709,-1.308862733990682,-0.5701867118926005,-0.9293966635677897,1,1,1,0,0,1.5176924895404067,0,False,False
115,6020000,1.3142355595007624,0.047278311684073836,-0.5701867118926005,-0.9293966635677897,1,1,1,0,1,1.5176924895404067,1,True,False
116,6020000,0.8068903898592035,0.047278311684073836,1.4218117367065486,-0.9293966635677897,1,1,1,0,0,-0.8057412374245417,1,False,True
117,5950000,-0.6690228309162407,1.4034193573588298,-0.5701867118926005,0.22441012833299692,1,1,0,0,1,-0.8057412374245417,0,False,False
118,5950000,0.5855034067428869,0.047278311684073836,-0.5701867118926005,-0.9293966635677897,1,0,1,0,1,-0.8057412374245417,1,False,False
119,5950000,0.8622371356382826,0.047278311684073836,-0.5701867118926005,-0.9293966635677897,1,0,1,0,1,1.5176924895404067,1,True,False
120,5950000,0.6408501525219661,0.047278311684073836,-0.5701867118926005,-0.9293966635677897,1,1,1,0,0,1.5176924895404067,1,False,False
121,5950000,0.9595551636331635,0.047278311684073836,-0.5701867118926005,0.22441012833299692,1,1,1,0,1,-0.8057412374245417,1,True,False
122,5950000,0.5089404084151607,1.4034193573588298,1.4218117367065486,-0.9293966635677897,1,0,1,0,0,0.35597562605793237,1,True,False
123,5950000,1.0006040000859806,1.4034193573588298,1.4218117367065486,0.22441012833299692,1,0,0,0,0,-0.8057412374245417,0,False,False
124,5950000,0.6339318092995812,0.047278311684073836,1.4218117367065486,2.53202371213457,1,0,0,0,0,0.35597562605793237,0,False,False
125,5943000,4.819529458842443,0.047278311684073836,-0.5701867118926005,-0.9293966635677897,1,0,0,0,1,1.5176924895404067,0,True,False
126,5880000,0.9268083390472084,0.047278311684073836,-0.5701867118926005,-0.9293966635677897,1,0,1,0,0,1.5176924895404067,1,False,True
127,5880000,0.622401237262273,0.047278311684073836,1.4218117367065486,1.3782169202337835,1,0,0,0,1,-0.8057412374245417,0,False,True
128,5873000,0.16117835576994666,0.047278311684073836,-0.5701867118926005,1.3782169202337835,1,1,0,0,1,0.35597562605793237,0,False,False
129,5873000,2.9100667294642113,0.047278311684073836,-0.5701867118926005,1.3782169202337835,1,0,0,0,0,1.5176924895404067,1,True,False
130,5866000,-0.16167766127468175,0.047278311684073836,-0.5701867118926005,-0.9293966635677897,1,1,1,0,0,-0.8057412374245417,0,False,True
131,5810000,0.3124594608994297,1.4034193573588298,-0.5701867118926005,2.53202371213457,1,1,0,0,0,-0.8057412374245417,0,True,False
132,5810000,0.02281149132224877,0.047278311684073836,-0.5701867118926005,1.3782169202337835,1,0,0,0,1,-0.8057412374245417,0,True,False
133,5810000,-0.16167766127468175,0.047278311684073836,-0.5701867118926005,1.3782169202337835,1,0,0,0,1,-0.8057412374245417,0,False,True
134,5803000,0.8530126780084362,0.047278311684073836,-0.5701867118926005,-0.9293966635677897,1,0,1,0,0,1.5176924895404067,1,True,False
135,5775000,0.39178979651610985,0.047278311684073836,1.4218117367065486,2.53202371213457,1,0,0,0,1,-0.8057412374245417,0,False,True
136,5740000,0.11505606762071403,1.4034193573588298,1.4218117367065486,0.22441012833299692,1,0,0,0,1,1.5176924895404067,0,False,True
137,5740000,-0.23547332231345397,1.4034193573588298,-0.5701867118926005,0.22441012833299692,1,0,0,0,0,0.35597562605793237,0,True,False
138,5740000,-0.0694330849762165,0.047278311684073836,-0.5701867118926005,1.3782169202337835,1,0,0,0,1,-0.8057412374245417,0,True,False
139,5740000,0.5578300338533473,0.047278311684073836,-0.5701867118926005,-0.9293966635677897,1,1,1,0,1,1.5176924895404067,1,False,False
140,5740000,0.29954522021764457,0.047278311684073836,1.4218117367065486,2.53202371213457,1,0,0,0,1,-0.8057412374245417,0,False,True
141,5652500,0.6961968983010451,1.4034193573588298,1.4218117367065486,0.22441012833299692,1,1,1,0,0,0.35597562605793237,1,True,False
142,5600000,2.4672927632315784,1.4034193573588298,1.4218117367065486,0.22441012833299692,1,0,0,0,0,0.35597562605793237,0,True,False
143,5600000,-0.16167766127468175,2.7595604030335856,1.4218117367065486,1.3782169202337835,0,0,1,1,0,-0.8057412374245417,0,False,True
144,5600000,-0.2077999494239144,1.4034193573588298,-0.5701867118926005,0.22441012833299692,1,1,1,0,1,0.35597562605793237,0,False,False
145,5600000,-0.0694330849762165,0.047278311684073836,-0.5701867118926005,2.53202371213457,1,0,0,0,0,-0.8057412374245417,0,False,False
146,5600000,2.4672927632315784,-1.308862733990682,-0.5701867118926005,-0.9293966635677897,1,0,0,0,0,0.35597562605793237,0,True,False
147,5600000,0.16117835576994666,0.047278311684073836,1.4218117367065486,0.22441012833299692,1,0,0,0,0,0.35597562605793237,0,True,False
148,5600000,0.5578300338533473,0.047278311684073836,-0.5701867118926005,1.3782169202337835,1,0,0,0,0,-0.8057412374245417,1,True,False
149,5600000,0.6685235254115056,1.4034193573588298,1.4218117367065486,-0.9293966635677897,1,0,1,0,0,-0.8057412374245417,1,True,False
150,5600000,-0.006706773093260117,0.047278311684073836,-0.5701867118926005,0.22441012833299692,1,1,1,0,1,-0.8057412374245417,1,False,True
151,5565000,-0.3461668138716123,1.4034193573588298,-0.5701867118926005,0.22441012833299692,1,0,0,0,1,1.5176924895404067,1,True,False
152,5565000,0.11505606762071403,2.7595604030335856,-0.5701867118926005,0.22441012833299692,1,1,1,0,1,-0.8057412374245417,1,False,False
153,5530000,-0.8535119835131713,0.047278311684073836,3.4138101853056977,0.22441012833299692,1,0,1,0,0,-0.8057412374245417,0,True,False
154,5530000,-0.692083974990857,0.047278311684073836,1.4218117367065486,0.22441012833299692,1,0,0,0,0,1.5176924895404067,0,True,False
155,5530000,0.4379120846653424,0.047278311684073836,1.4218117367065486,-0.9293966635677897,1,0,1,0,0,1.5176924895404067,1,False,False
156,5523000,0.8068903898592035,0.047278311684073836,-0.5701867118926005,-0.9293966635677897,1,1,1,0,0,-0.8057412374245417,1,True,False
157,5495000,-1.076282635273965,1.4034193573588298,1.4218117367065486,0.22441012833299692,0,1,1,0,0,0.35597562605793237,0,False,False
158,5495000,1.3050111018709158,0.047278311684073836,-0.5701867118926005,-0.9293966635677897,1,0,0,0,0,1.5176924895404067,0,True,False
159,5460000,-0.9226954157370202,0.047278311684073836,1.4218117367065486,-0.9293966635677897,1,1,1,0,1,-0.8057412374245417,0,False,False
160,5460000,0.48864660162949836,1.4034193573588298,-0.5701867118926005,2.53202371213457,1,1,0,0,1,-0.8057412374245417,0,False,False
161,5460000,0.4379120846653424,0.047278311684073836,-0.5701867118926005,1.3782169202337835,1,1,0,0,1,-0.8057412374245417,1,True,False
162,5460000,0.6685235254115056,1.4034193573588298,1.4218117367065486,0.22441012833299692,1,1,1,0,0,-0.8057412374245417,1,True,False
163,5425000,0.772298673747279,0.047278311684073836,-0.5701867118926005,-0.9293966635677897,1,1,1,0,1,-0.8057412374245417,1,True,False
164,5390000,0.7192580423756615,0.047278311684073836,1.4218117367065486,0.22441012833299692,1,1,1,0,0,0.35597562605793237,1,False,False
165,5383000,0.5993400931876567,0.047278311684073836,1.4218117367065486,-0.9293966635677897,1,1,1,1,0,-0.8057412374245417,0,False,True
166,5320000,1.2219909832022973,0.047278311684073836,-0.5701867118926005,-0.9293966635677897,1,0,1,0,1,1.5176924895404067,1,False,True
167,5285000,-0.253922237573147,-1.308862733990682,1.4218117367065486,-0.9293966635677897,1,0,0,0,1,1.5176924895404067,0,True,False
168,5250000,-0.410738017280538,1.4034193573588298,-0.5701867118926005,0.22441012833299692,1,0,1,0,1,-0.8057412374245417,0,False,False
169,5250000,0.6408501525219661,1.4034193573588298,1.4218117367065486,0.22441012833299692,0,0,0,0,1,-0.8057412374245417,0,True,False
170,5250000,0.16117835576994666,0.047278311684073836,1.4218117367065486,-0.9293966635677897,1,0,1,0,0,-0.8057412374245417,0,True,False
171,5250000,2.3607502776068507,0.047278311684073836,-0.5701867118926005,-0.9293966635677897,1,0,0,0,0,0.35597562605793237,1,True,False
172,5250000,1.498724712097693,0.047278311684073836,-0.5701867118926005,0.22441012833299692,1,1,1,0,1,1.5176924895404067,1,False,True
173,5250000,0.0689337794714814,1.4034193573588298,1.4218117367065486,-0.9293966635677897,1,0,0,0,1,-0.8057412374245417,1,False,True
174,5250000,-0.6229005427670081,0.047278311684073836,-0.5701867118926005,0.22441012833299692,1,1,1,0,0,0.35597562605793237,1,False,True
175,5250000,2.14443674618695,1.4034193573588298,1.4218117367065486,0.22441012833299692,1,1,0,0,0,1.5176924895404067,0,True,False
176,5250000,1.554071457876772,0.047278311684073836,-0.5701867118926005,-0.9293966635677897,1,0,0,0,1,1.5176924895404067,0,False,False
177,5243000,0.41485094059072614,0.047278311684073836,-0.5701867118926005,-0.9293966635677897,1,0,1,0,0,-0.8057412374245417,1,True,False
178,5229000,0.8922166229352839,0.047278311684073836,-0.5701867118926005,-0.9293966635677897,1,1,1,0,0,1.5176924895404067,1,True,False
179,5215000,-0.9088587292922504,0.047278311684073836,1.4218117367065486,0.22441012833299692,1,0,0,0,0,1.5176924895404067,0,True,False
180,5215000,-0.30004452572237966,1.4034193573588298,1.4218117367065486,-0.9293966635677897,0,0,1,0,1,1.5176924895404067,0,True,False
181,5215000,0.9452572543069014,0.047278311684073836,-0.5701867118926005,0.22441012833299692,1,1,1,0,0,0.35597562605793237,1,False,False
182,5145000,-0.8027774665490154,0.047278311684073836,-0.5701867118926005,0.22441012833299692,0,0,0,0,1,-0.8057412374245417,0,True,False
183,5145000,1.3050111018709158,0.047278311684073836,-0.5701867118926005,-0.9293966635677897,1,0,0,0,0,0.35597562605793237,1,True,False
184,5110000,-0.9918788479608691,0.047278311684073836,1.4218117367065486,0.22441012833299692,1,1,1,0,0,-0.8057412374245417,0,False,False
185,5110000,-0.9918788479608691,0.047278311684073836,-0.5701867118926005,0.22441012833299692,1,0,1,0,0,-0.8057412374245417,0,False,True
186,5110000,2.8870055853895953,-1.308862733990682,-0.5701867118926005,0.22441012833299692,1,0,0,0,0,-0.8057412374245417,1,False,False
187,5110000,0.4379120846653424,0.047278311684073836,-0.5701867118926005,-0.9293966635677897,1,0,1,0,1,-0.8057412374245417,1,True,False
188,5075000,0.26264738969825846,-1.308862733990682,-0.5701867118926005,0.22441012833299692,1,0,0,0,1,-0.8057412374245417,1,False,True
189,5040000,-0.7428184919550129,-1.308862733990682,-0.5701867118926005,-0.9293966635677897,0,1,1,0,0,-0.8057412374245417,0,True,False
190,5040000,1.1297464069038319,1.4034193573588298,-0.5701867118926005,0.22441012833299692,1,0,0,0,1,1.5176924895404067,0,False,False
191,5040000,2.5595373395300434,0.047278311684073836,-0.5701867118926005,0.22441012833299692,1,1,1,0,0,-0.8057412374245417,0,True,False
192,5040000,0.6685235254115056,0.047278311684073836,-0.5701867118926005,-0.9293966635677897,1,1,1,0,0,-0.8057412374245417,1,False,False
193,5033000,-0.16167766127468175,-1.308862733990682,-0.5701867118926005,-0.9293966635677897,1,1,1,0,0,-0.8057412374245417,0,True,False
194,5005000,1.3834189917246114,0.047278311684073836,1.4218117367065486,-0.9293966635677897,1,1,1,0,0,-0.8057412374245417,0,True,False
195,4970000,-0.341554585056689,1.4034193573588298,3.4138101853056977,0.22441012833299692,1,0,1,0,0,1.5176924895404067,0,True,False
196,4970000,1.169411574712172,0.047278311684073836,-0.5701867118926005,-0.9293966635677897,1,1,1,1,0,-0.8057412374245417,0,True,False
197,4956000,-1.0841234242593345,0.047278311684073836,1.4218117367065486,0.22441012833299692,0,0,1,0,1,0.35597562605793237,0,True,False
198,4935000,0.36780620667850883,0.047278311684073836,-0.5701867118926005,0.22441012833299692,1,0,0,0,1,-0.8057412374245417,0,True,False
199,4907000,-0.4384113901700776,0.047278311684073836,-0.5701867118926005,0.22441012833299692,1,0,0,0,0,0.35597562605793237,0,False,False
200,4900000,-0.29082006809253313,0.047278311684073836,-0.5701867118926005,0.22441012833299692,1,0,1,0,1,-0.8057412374245417,0,True,False
201,4900000,-0.4868397927267718,0.047278311684073836,-0.5701867118926005,0.22441012833299692,0,1,1,0,1,-0.8057412374245417,0,True,False
202,4900000,-0.47530922068946363,-1.308862733990682,-0.5701867118926005,-0.9293966635677897,1,0,1,0,0,0.35597562605793237,0,True,False
203,4900000,0.11505606762071403,1.4034193573588298,-0.5701867118926005,0.22441012833299692,1,0,0,0,0,-0.8057412374245417,0,True,False
204,4900000,-0.17551434771945154,0.047278311684073836,-0.5701867118926005,-0.9293966635677897,1,1,1,0,0,-0.8057412374245417,0,True,False
205,4900000,0.5301566609638078,0.047278311684073836,-0.5701867118926005,-0.9293966635677897,1,0,0,0,1,1.5176924895404067,0,True,False
206,4900000,0.29954522021764457,-1.308862733990682,-0.5701867118926005,-0.9293966635677897,1,1,1,0,1,-0.8057412374245417,0,True,False
207,4900000,-0.9918788479608691,0.047278311684073836,-0.5701867118926005,0.22441012833299692,1,0,1,0,1,-0.8057412374245417,0,True,False
208,4900000,-1.005715534405639,0.047278311684073836,-0.5701867118926005,1.3782169202337835,1,0,0,0,0,-0.8057412374245417,0,True,False
209,4900000,0.7238702711905848,0.047278311684073836,-0.5701867118926005,-0.9293966635677897,1,0,0,0,0,-0.8057412374245417,0,False,True
210,4900000,-0.23270598502450002,0.047278311684073836,-0.5701867118926005,0.22441012833299692,1,1,1,0,0,1.5176924895404067,0,True,False
211,4900000,3.5742276788131613,0.047278311684073836,-0.5701867118926005,-0.9293966635677897,1,0,0,0,0,1.5176924895404067,0,False,False
212,4893000,-0.7981652377340921,1.4034193573588298,1.4218117367065486,0.22441012833299692,1,0,1,0,1,1.5176924895404067,0,True,False
213,4893000,-0.07173919938367813,1.4034193573588298,1.4218117367065486,-0.9293966635677897,1,0,1,0,0,-0.8057412374245417,0,True,False
214,4865000,-0.3692279579462286,-1.308862733990682,-0.5701867118926005,-0.9293966635677897,1,0,1,0,0,-0.8057412374245417,0,False,True
215,4830000,-0.4568603054297706,0.047278311684073836,-0.5701867118926005,1.3782169202337835,1,0,0,0,0,-0.8057412374245417,0,False,True
216,4830000,0.4102387117758029,0.047278311684073836,-0.5701867118926005,-0.9293966635677897,1,0,0,0,0,1.5176924895404067,1,True,False
217,4830000,0.7893639203624951,0.047278311684073836,-0.5701867118926005,0.22441012833299692,1,0,0,0,1,1.5176924895404067,1,False,False
218,4830000,-0.15475931805229687,-1.308862733990682,-0.5701867118926005,-0.9293966635677897,1,0,0,0,1,-0.8057412374245417,1,True,False
219,4795000,0.8530126780084362,0.047278311684073836,-0.5701867118926005,0.22441012833299692,1,0,1,0,0,-0.8057412374245417,0,False,True
220,4795000,1.3603578476499951,1.4034193573588298,-0.5701867118926005,2.53202371213457,1,0,1,0,1,1.5176924895404067,0,True,False
221,4767000,-0.7981652377340921,1.4034193573588298,1.4218117367065486,0.22441012833299692,1,0,0,0,0,-0.8057412374245417,0,True,False
222,4760000,1.852021439320815,-1.308862733990682,-0.5701867118926005,-0.9293966635677897,1,0,1,0,1,1.5176924895404067,0,True,False
223,4760000,0.5398423414751465,0.047278311684073836,-0.5701867118926005,0.22441012833299692,1,0,1,0,1,0.35597562605793237,0,False,False
224,4760000,2.3473748140435733,-1.308862733990682,-0.5701867118926005,-0.9293966635677897,1,0,0,0,1,1.5176924895404067,1,False,True
225,4753000,0.5947278643727334,-1.308862733990682,-0.5701867118926005,-0.9293966635677897,1,0,0,0,1,2.679409353022881,0,True,False
226,4690000,0.008974804877478978,0.047278311684073836,-0.5701867118926005,2.53202371213457,1,0,0,0,1,-0.8057412374245417,0,True,False
227,4690000,0.39178979651610985,-1.308862733990682,-0.5701867118926005,-0.9293966635677897,1,0,1,0,1,0.35597562605793237,0,False,False
228,4690000,-0.7013084326207035,0.047278311684073836,-0.5701867118926005,0.22441012833299692,1,0,0,0,0,1.5176924895404067,0,True,False
229,4690000,2.0830941029484706,1.4034193573588298,1.4218117367065486,0.22441012833299692,1,1,1,0,0,0.35597562605793237,0,True,False
230,4690000,0.11505606762071403,-1.308862733990682,-0.5701867118926005,0.22441012833299692,1,0,0,0,0,-0.8057412374245417,1,True,False
231,4690000,-0.3830646443909984,0.047278311684073836,-0.5701867118926005,-0.9293966635677897,1,0,0,0,0,-0.8057412374245417,1,True,False
232,4655000,-0.648267801249086,0.047278311684073836,-0.5701867118926005,0.22441012833299692,1,0,1,0,0,-0.8057412374245417,0,False,False
233,4620000,-0.4568603054297706,0.047278311684073836,-0.5701867118926005,-0.9293966635677897,1,1,1,0,1,-0.8057412374245417,0,False,True
234,4620000,-0.586002712247622,0.047278311684073836,1.4218117367065486,0.22441012833299692,1,0,1,0,0,1.5176924895404067,0,True,False
235,4620000,0.2441984744385654,0.047278311684073836,-0.5701867118926005,0.22441012833299692,1,1,0,0,1,0.35597562605793237,0,True,False
236,4620000,-1.0518378225548715,-1.308862733990682,-0.5701867118926005,0.22441012833299692,1,1,1,0,0,-0.8057412374245417,1,True,False
237,4620000,-0.06482085616129324,0.047278311684073836,-0.5701867118926005,0.22441012833299692,1,0,1,0,0,-0.8057412374245417,0,True,False
238,4613000,-0.29543229690745637,1.4034193573588298,1.4218117367065486,0.22441012833299692,1,0,1,0,0,-0.8057412374245417,0,True,False
239,4585000,-0.5306559664685429,0.047278311684073836,-0.5701867118926005,0.22441012833299692,1,0,0,0,0,0.35597562605793237,0,False,False
240,4585000,-0.6044516275073151,0.047278311684073836,-0.5701867118926005,0.22441012833299692,1,0,0,0,0,0.35597562605793237,1,True,False
241,4550000,-0.6413494580267012,0.047278311684073836,-0.5701867118926005,-0.9293966635677897,1,0,0,0,0,1.5176924895404067,0,True,False
242,4550000,-0.6966962038057802,0.047278311684073836,-0.5701867118926005,0.22441012833299692,1,0,0,0,1,-0.8057412374245417,0,False,False
243,4550000,-1.199429144632416,0.047278311684073836,-0.5701867118926005,0.22441012833299692,1,0,1,0,0,-0.8057412374245417,0,False,False
244,4550000,0.07815823710132792,0.047278311684073836,-0.5701867118926005,0.22441012833299692,1,1,1,0,0,-0.8057412374245417,1,True,False
245,4550000,0.09660715236102098,0.047278311684073836,-0.5701867118926005,0.22441012833299692,1,0,0,0,0,1.5176924895404067,1,False,True
246,4550000,-0.7520429495848594,0.047278311684073836,-0.5701867118926005,-0.9293966635677897,1,0,0,0,0,-0.8057412374245417,1,True,False
247,4550000,1.498724712097693,1.4034193573588298,-0.5701867118926005,2.53202371213457,1,0,0,0,0,2.679409353022881,0,False,True
248,4543000,-0.48453367831931016,-1.308862733990682,1.4218117367065486,-0.9293966635677897,1,1,1,0,0,-0.8057412374245417,0,True,False
249,4543000,-0.07404531379113975,1.4034193573588298,1.4218117367065486,0.22441012833299692,1,1,1,0,0,-0.8057412374245417,1,False,False
250,4515000,-0.7566551783997827,0.047278311684073836,-0.5701867118926005,1.3782169202337835,1,0,0,0,0,-0.8057412374245417,0,True,False
251,4515000,-0.7843285512893223,0.047278311684073836,-0.5701867118926005,0.22441012833299692,1,0,1,0,0,0.35597562605793237,0,True,False
252,4515000,2.1721101190764895,0.047278311684073836,-0.5701867118926005,-0.9293966635677897,1,0,0,0,0,-0.8057412374245417,0,True,False
253,4515000,-0.7520429495848594,-1.308862733990682,-0.5701867118926005,0.22441012833299692,1,0,0,0,0,-0.8057412374245417,1,False,False
254,4480000,-0.29543229690745637,1.4034193573588298,-0.5701867118926005,0.22441012833299692,1,0,0,0,1,1.5176924895404067,0,True,False
255,4480000,0.33874916514449227,-1.308862733990682,-0.5701867118926005,-0.9293966635677897,1,0,0,0,1,0.35597562605793237,0,False,True
256,4480000,-0.5306559664685429,0.047278311684073836,-0.5701867118926005,0.22441012833299692,1,0,0,0,0,1.5176924895404067,0,False,False
257,4480000,1.429541279873844,0.047278311684073836,-0.5701867118926005,-0.9293966635677897,1,0,0,0,0,-0.8057412374245417,0,False,False
258,4480000,-0.5122070512088498,0.047278311684073836,-0.5701867118926005,0.22441012833299692,1,0,0,0,0,0.35597562605793237,0,True,False
259,4473000,0.5578300338533473,-1.308862733990682,-0.5701867118926005,-0.9293966635677897,1,0,1,0,1,0.35597562605793237,0,False,False
260,4473000,-0.9171607411591123,0.047278311684073836,-0.5701867118926005,0.22441012833299692,1,0,0,0,1,0.35597562605793237,0,False,False
261,4473000,-0.7566551783997827,0.047278311684073836,-0.5701867118926005,0.22441012833299692,1,0,0,0,0,-0.8057412374245417,0,True,False
262,4445000,-0.6459616868416244,-1.308862733990682,-0.5701867118926005,-0.9293966635677897,1,1,1,0,0,-0.8057412374245417,0,True,False
263,4410000,-0.5454150986762972,0.047278311684073836,-0.5701867118926005,0.22441012833299692,0,0,0,0,0,-0.8057412374245417,0,True,False
264,4410000,-0.11555537312544913,-1.308862733990682,-0.5701867118926005,0.22441012833299692,1,0,1,0,0,-0.8057412374245417,0,True,False
265,4403000,-1.0472255937399484,0.047278311684073836,-0.5701867118926005,0.22441012833299692,1,0,0,0,0,-0.8057412374245417,1,True,False
266,4403000,-0.12477983075529565,0.047278311684073836,-0.5701867118926005,-0.9293966635677897,1,0,0,0,0,1.5176924895404067,1,False,True
267,4403000,-0.1063309154956026,0.047278311684073836,-0.5701867118926005,0.22441012833299692,1,0,0,0,0,0.35597562605793237,0,True,False
268,4382000,-0.09249422905083281,1.4034193573588298,-0.5701867118926005,0.22441012833299692,1,0,0,0,1,-0.8057412374245417,0,True,False
269,4375000,-0.5767782546177754,0.047278311684073836,-0.5701867118926005,0.22441012833299692,1,0,0,0,0,-0.8057412374245417,0,False,True
270,4340000,-0.30004452572237966,0.047278311684073836,1.4218117367065486,1.3782169202337835,1,0,0,1,0,0.35597562605793237,0,False,False
271,4340000,-1.4969179031949664,2.7595604030335856,-0.5701867118926005,0.22441012833299692,0,0,1,0,0,-0.8057412374245417,0,True,False
272,4340000,-0.49606425035661833,0.047278311684073836,-0.5701867118926005,-0.9293966635677897,1,1,1,0,0,1.5176924895404067,0,True,False
273,4340000,-0.761267407214706,1.4034193573588298,-0.5701867118926005,0.22441012833299692,1,0,0,0,0,1.5176924895404067,0,False,False
274,4340000,0.5993400931876567,1.4034193573588298,-0.5701867118926005,0.22441012833299692,1,0,0,0,0,-0.8057412374245417,0,True,False
275,4319000,-0.5158968342607884,-1.308862733990682,-0.5701867118926005,-0.9293966635677897,1,0,1,0,0,-0.8057412374245417,0,False,False
276,4305000,-0.3461668138716123,-1.308862733990682,-0.5701867118926005,-0.9293966635677897,1,0,0,0,0,0.35597562605793237,0,True,False
277,4305000,2.4027215598226523,-1.308862733990682,-0.5701867118926005,-0.9293966635677897,1,0,0,0,0,0.35597562605793237,1,True,False
278,4277000,-0.8073896953639386,0.047278311684073836,-0.5701867118926005,0.22441012833299692,1,0,1,0,0,1.5176924895404067,1,True,False
279,4270000,0.5578300338533473,-1.308862733990682,-0.5701867118926005,-0.9293966635677897,1,0,0,0,0,-0.8057412374245417,0,False,False
280,4270000,0.5578300338533473,-1.308862733990682,-0.5701867118926005,0.22441012833299692,1,0,0,0,0,-0.8057412374245417,0,False,True
281,4270000,-0.30004452572237966,-1.308862733990682,-0.5701867118926005,-0.9293966635677897,1,0,0,0,1,1.5176924895404067,0,False,False
282,4270000,-1.3723877251920384,0.047278311684073836,-0.5701867118926005,0.22441012833299692,0,1,1,0,1,-0.8057412374245417,0,False,True
283,4270000,-0.36461572913130536,1.4034193573588298,-0.5701867118926005,0.22441012833299692,1,0,0,0,0,-0.8057412374245417,0,False,False
284,4270000,1.2081542967575274,-1.308862733990682,-0.5701867118926005,-0.9293966635677897,1,0,0,0,0,0.35597562605793237,0,False,False
285,4235000,0.691584669486122,0.047278311684073836,-0.5701867118926005,0.22441012833299692,1,1,0,0,0,-0.8057412374245417,0,True,False
286,4235000,-1.0901193217187346,0.047278311684073836,-0.5701867118926005,-0.9293966635677897,1,0,1,0,0,-0.8057412374245417,1,False,False
287,4200000,0.16117835576994666,0.047278311684073836,-0.5701867118926005,0.22441012833299692,1,0,0,0,1,-0.8057412374245417,0,False,True
288,4200000,-0.05098416971652344,0.047278311684073836,-0.5701867118926005,0.22441012833299692,1,0,1,0,1,-0.8057412374245417,0,False,True
289,4200000,0.32260636429226086,-1.308862733990682,-0.5701867118926005,-0.9293966635677897,1,1,1,0,0,1.5176924895404067,0,True,False
290,4200000,-1.1717557717428764,1.4034193573588298,3.4138101853056977,0.22441012833299692,0,0,0,0,0,-0.8057412374245417,0,True,False
291,4200000,-1.0135563233910085,0.047278311684073836,-0.5701867118926005,0.22441012833299692,1,0,1,0,1,-0.8057412374245417,0,False,True
292,4200000,-1.1085682369784278,1.4034193573588298,1.4218117367065486,0.22441012833299692,0,0,0,0,0,-0.8057412374245417,0,True,False
293,4200000,-0.341554585056689,-1.308862733990682,-0.5701867118926005,-0.9293966635677897,0,0,0,0,0,0.35597562605793237,0,False,True
294,4200000,-0.5306559664685429,1.4034193573588298,1.4218117367065486,0.22441012833299692,0,0,0,0,0,-0.8057412374245417,0,True,False
295,4200000,-1.3032042929681893,0.047278311684073836,-0.5701867118926005,0.22441012833299692,0,0,0,0,0,-0.8057412374245417,0,True,False
296,4200000,-0.253922237573147,0.047278311684073836,1.4218117367065486,0.22441012833299692,1,0,0,0,1,0.35597562605793237,0,True,False
297,4200000,-0.6966962038057802,0.047278311684073836,1.4218117367065486,0.22441012833299692,1,0,1,0,0,-0.8057412374245417,0,False,True
298,4200000,0.29954522021764457,0.047278311684073836,-0.5701867118926005,-0.9293966635677897,1,0,0,1,0,1.5176924895404067,0,True,False
299,4200000,0.8530126780084362,0.047278311684073836,-0.5701867118926005,-0.9293966635677897,1,0,0,0,0,2.679409353022881,0,False,False
300,4200000,-0.49421935883064905,0.047278311684073836,-0.5701867118926005,1.3782169202337835,1,0,0,0,0,-0.8057412374245417,0,True,False
301,4200000,-0.7520429495848594,0.047278311684073836,-0.5701867118926005,0.22441012833299692,1,0,0,0,0,-0.8057412374245417,1,True,False
302,4200000,-1.386224411636808,0.047278311684073836,-0.5701867118926005,1.3782169202337835,1,0,0,0,0,0.35597562605793237,1,False,True
303,4200000,-0.30004452572237966,0.047278311684073836,-0.5701867118926005,-0.9293966635677897,1,0,1,0,0,-0.8057412374245417,0,False,False
304,4193000,1.429541279873844,0.047278311684073836,-0.5701867118926005,-0.9293966635677897,1,0,1,0,0,2.679409353022881,0,True,False
305,4193000,-0.7843285512893223,0.047278311684073836,-0.5701867118926005,0.22441012833299692,1,0,0,0,0,0.35597562605793237,0,True,False
306,4165000,-0.1432287460149887,0.047278311684073836,-0.5701867118926005,0.22441012833299692,1,0,0,0,0,0.35597562605793237,0,True,False
307,4165000,-0.4937581359491567,0.047278311684073836,-0.5701867118926005,0.22441012833299692,1,0,0,0,0,1.5176924895404067,0,True,False
308,4165000,-0.5094397139198958,0.047278311684073836,-0.5701867118926005,0.22441012833299692,1,0,1,0,0,0.35597562605793237,0,True,False
309,4130000,-0.2391631053653926,1.4034193573588298,-0.5701867118926005,0.22441012833299692,1,0,0,0,1,-0.8057412374245417,0,True,False
310,4130000,0.3848714532937249,0.047278311684073836,-0.5701867118926005,-0.9293966635677897,1,0,1,0,0,-0.8057412374245417,0,True,False
311,4123000,0.4194631694056494,-1.308862733990682,-0.5701867118926005,-0.9293966635677897,1,0,1,0,0,0.35597562605793237,0,True,False
312,4098500,-0.7151451190654733,0.047278311684073836,-0.5701867118926005,-0.9293966635677897,1,0,1,0,1,-0.8057412374245417,1,False,False
313,4095000,-0.6782472885460872,0.047278311684073836,1.4218117367065486,0.22441012833299692,1,0,0,0,0,-0.8057412374245417,0,True,False
314,4095000,-0.5122070512088498,-1.308862733990682,-0.5701867118926005,0.22441012833299692,1,0,0,0,0,0.35597562605793237,0,True,False
315,4095000,0.2073006439191793,-1.308862733990682,-0.5701867118926005,-0.9293966635677897,1,0,0,0,1,-0.8057412374245417,0,True,False
316,4060000,0.3456675083668772,1.4034193573588298,1.4218117367065486,0.22441012833299692,0,0,1,0,0,0.35597562605793237,0,False,True
317,4060000,-0.07312286802815511,0.047278311684073836,1.4218117367065486,0.22441012833299692,1,0,0,0,0,1.5176924895404067,0,False,True
318,4060000,-0.3738401867611519,0.047278311684073836,-0.5701867118926005,-0.9293966635677897,1,0,0,0,0,-0.8057412374245417,0,True,False
319,4060000,-0.9918788479608691,1.4034193573588298,-0.5701867118926005,1.3782169202337835,1,0,1,0,1,1.5176924895404067,0,True,False
320,4060000,-0.3830646443909984,0.047278311684073836,-0.5701867118926005,0.22441012833299692,1,0,0,0,0,1.5176924895404067,1,False,False
321,4025000,-0.7013084326207035,0.047278311684073836,1.4218117367065486,0.22441012833299692,1,0,0,1,0,1.5176924895404067,0,True,False
322,4025000,-0.779716322474399,0.047278311684073836,1.4218117367065486,-0.9293966635677897,1,0,1,0,1,0.35597562605793237,0,False,False
323,4025000,0.11505606762071403,0.047278311684073836,-0.5701867118926005,-0.9293966635677897,1,0,0,0,0,2.679409353022881,0,True,False
324,4007500,-0.30004452572237966,0.047278311684073836,-0.5701867118926005,0.22441012833299692,0,0,1,0,1,-0.8057412374245417,0,True,False
325,4007500,-0.779716322474399,1.4034193573588298,-0.5701867118926005,0.22441012833299692,1,0,0,0,1,-0.8057412374245417,0,True,False
326,3990000,-0.48453367831931016,1.4034193573588298,-0.5701867118926005,-0.9293966635677897,0,0,1,0,0,-0.8057412374245417,0,False,True
327,3990000,0.6131767796324264,0.047278311684073836,-0.5701867118926005,0.22441012833299692,0,0,0,0,1,0.35597562605793237,0,True,False
328,3990000,-0.30004452572237966,0.047278311684073836,1.4218117367065486,0.22441012833299692,0,0,1,0,1,-0.8057412374245417,0,True,False
329,3990000,-0.5491048817282359,0.047278311684073836,-0.5701867118926005,0.22441012833299692,1,0,0,0,0,-0.8057412374245417,0,False,False
330,3990000,-0.5075948223939265,-1.308862733990682,-0.5701867118926005,0.22441012833299692,1,1,1,0,0,-0.8057412374245417,1,False,True
331,3920000,0.972930627196441,0.047278311684073836,1.4218117367065486,-0.9293966635677897,1,1,1,0,0,2.679409353022881,0,False,False
332,3920000,0.16117835576994666,1.4034193573588298,-0.5701867118926005,0.22441012833299692,1,1,1,0,0,-0.8057412374245417,0,True,False
333,3920000,-0.9918788479608691,0.047278311684073836,-0.5701867118926005,0.22441012833299692,1,0,0,0,0,-0.8057412374245417,0,True,False
334,3920000,-0.8581242123280945,-1.308862733990682,-0.5701867118926005,-0.9293966635677897,1,0,0,1,0,0.35597562605793237,0,False,False
335,3920000,-0.6155209766631309,-1.308862733990682,-0.5701867118926005,-0.9293966635677897,1,0,1,0,1,1.5176924895404067,0,False,False
336,3920000,1.3511333900201485,0.047278311684073836,-0.5701867118926005,-0.9293966635677897,1,0,0,0,1,1.5176924895404067,0,True,False
337,3920000,-1.386224411636808,1.4034193573588298,1.4218117367065486,-0.9293966635677897,1,0,1,0,0,-0.8057412374245417,1,False,True
338,3885000,-0.6321250003968546,-1.308862733990682,-0.5701867118926005,0.22441012833299692,1,1,1,0,0,-0.8057412374245417,0,True,False
339,3885000,-0.9088587292922504,1.4034193573588298,1.4218117367065486,0.22441012833299692,1,0,0,0,0,-0.8057412374245417,0,False,False
340,3850000,0.0689337794714814,2.7595604030335856,1.4218117367065486,0.22441012833299692,1,0,0,0,0,-0.8057412374245417,0,True,False
341,3850000,-0.9088587292922504,-1.308862733990682,1.4218117367065486,-0.9293966635677897,1,0,1,0,0,1.5176924895404067,0,True,False
342,3850000,0.9231185559952697,0.047278311684073836,-0.5701867118926005,0.22441012833299692,1,0,0,0,1,-0.8057412374245417,0,False,False
343,3850000,-0.4937581359491567,-1.308862733990682,-0.5701867118926005,-0.9293966635677897,1,0,0,0,0,-0.8057412374245417,0,True,False
344,3850000,-0.5998393986923918,-1.308862733990682,-0.5701867118926005,-0.9293966635677897,1,0,0,0,0,-0.8057412374245417,0,True,False
345,3850000,-1.4461833862308104,0.047278311684073836,-0.5701867118926005,0.22441012833299692,1,0,1,0,0,-0.8057412374245417,1,True,False
346,3850000,-1.371926502310546,-1.308862733990682,-0.5701867118926005,0.22441012833299692,1,1,0,0,0,-0.8057412374245417,1,True,False
347,3836000,-0.8304508394385549,0.047278311684073836,-0.5701867118926005,0.22441012833299692,1,0,0,0,0,-0.8057412374245417,0,False,True
348,3815000,-0.9226954157370202,-1.308862733990682,1.4218117367065486,-0.9293966635677897,0,0,1,0,0,-0.8057412374245417,0,True,False
349,3780000,-0.15245320364483522,0.047278311684073836,-0.5701867118926005,0.22441012833299692,1,0,0,0,0,-0.8057412374245417,0,True,False
350,3780000,-0.7981652377340921,-1.308862733990682,-0.5701867118926005,0.22441012833299692,1,0,0,1,0,0.35597562605793237,0,True,False
351,3780000,-0.7151451190654733,-1.308862733990682,-0.5701867118926005,-0.9293966635677897,1,0,0,0,0,-0.8057412374245417,0,True,False
352,3780000,0.31338190666241433,-1.308862733990682,-0.5701867118926005,-0.9293966635677897,1,0,0,0,0,1.5176924895404067,0,False,True
353,3780000,-1.0582949428957642,0.047278311684073836,-0.5701867118926005,1.3782169202337835,1,0,0,0,0,-0.8057412374245417,1,False,False
354,3780000,1.498724712097693,-1.308862733990682,-0.5701867118926005,-0.9293966635677897,1,0,0,0,0,0.35597562605793237,0,False,False
355,3773000,1.429541279873844,0.047278311684073836,-0.5701867118926005,-0.9293966635677897,1,0,0,0,0,1.5176924895404067,0,False,False
356,3773000,-1.2132658310771858,2.7595604030335856,1.4218117367065486,-0.9293966635677897,0,0,1,0,1,0.35597562605793237,0,False,False
357,3773000,0.8207270763039733,1.4034193573588298,-0.5701867118926005,0.22441012833299692,0,0,0,0,0,0.35597562605793237,0,False,False
358,3745000,-0.7704918648445525,-1.308862733990682,-0.5701867118926005,-0.9293966635677897,1,0,0,0,0,-0.8057412374245417,1,True,False
359,3710000,-0.7151451190654733,0.047278311684073836,-0.5701867118926005,-0.9293966635677897,1,0,0,0,0,0.35597562605793237,0,False,True
360,3710000,-0.5122070512088498,-1.308862733990682,-0.5701867118926005,-0.9293966635677897,1,0,0,0,0,-0.8057412374245417,0,True,False
361,3710000,0.4010142541459564,0.047278311684073836,-0.5701867118926005,-0.9293966635677897,1,0,0,0,0,-0.8057412374245417,0,True,False
362,3710000,-0.5075948223939265,-1.308862733990682,-0.5701867118926005,-0.9293966635677897,1,0,0,0,0,-0.8057412374245417,0,False,False
363,3710000,-0.7225246851693505,-1.308862733990682,-0.5701867118926005,-0.9293966635677897,1,0,0,1,0,-0.8057412374245417,0,True,False
364,3703000,-0.93653210218179,0.047278311684073836,-0.5701867118926005,0.22441012833299692,0,0,1,1,0,-0.8057412374245417,0,True,False
365,3703000,0.13811721169533034,-1.308862733990682,-0.5701867118926005,-0.9293966635677897,1,0,0,0,0,-0.8057412374245417,0,False,False
366,3675000,-0.7013084326207035,-1.308862733990682,-0.5701867118926005,-0.9293966635677897,1,0,1,0,0,-0.8057412374245417,0,False,False
367,3675000,-0.7013084326207035,-1.308862733990682,-0.5701867118926005,-0.9293966635677897,1,0,0,0,1,-0.8057412374245417,0,False,True
368,3675000,0.22574955917887235,-1.308862733990682,-0.5701867118926005,-0.9293966635677897,0,0,0,0,0,-0.8057412374245417,0,True,False
369,3675000,-0.7151451190654733,-1.308862733990682,-0.5701867118926005,-0.9293966635677897,1,0,0,0,0,-0.8057412374245417,0,False,False
370,3640000,-0.40151355965069147,-1.308862733990682,-0.5701867118926005,-0.9293966635677897,1,0,0,0,1,1.5176924895404067,0,True,False
371,3640000,-0.7289818055102432,0.047278311684073836,-0.5701867118926005,0.22441012833299692,1,0,1,0,0,-0.8057412374245417,0,True,False
372,3640000,-0.9088587292922504,0.047278311684073836,-0.5701867118926005,0.22441012833299692,0,0,1,0,0,-0.8057412374245417,0,True,False
373,3640000,-0.9918788479608691,-1.308862733990682,-0.5701867118926005,0.22441012833299692,1,0,0,0,1,-0.8057412374245417,0,False,False
374,3640000,-0.7520429495848594,-1.308862733990682,1.4218117367065486,-0.9293966635677897,1,0,1,0,0,-0.8057412374245417,0,True,False
375,3640000,0.3733408812564168,0.047278311684073836,-0.5701867118926005,0.22441012833299692,1,1,1,0,0,-0.8057412374245417,0,False,True
376,3640000,-0.4706969918745404,0.047278311684073836,1.4218117367065486,0.22441012833299692,1,0,0,0,0,1.5176924895404067,0,True,False
377,3640000,-1.061062280184718,0.047278311684073836,1.4218117367065486,0.22441012833299692,0,0,1,0,0,-0.8057412374245417,1,False,True
378,3640000,-1.3262654370428058,0.047278311684073836,-0.5701867118926005,1.3782169202337835,1,0,0,1,1,-0.8057412374245417,1,True,False
379,3633000,-0.7520429495848594,0.047278311684073836,-0.5701867118926005,-0.9293966635677897,1,0,0,0,0,1.5176924895404067,1,False,True
380,3605000,-0.30004452572237966,-1.308862733990682,-0.5701867118926005,-0.9293966635677897,1,0,0,0,0,-0.8057412374245417,0,True,False
381,3605000,-0.5306559664685429,-1.308862733990682,-0.5701867118926005,-0.9293966635677897,1,0,0,0,0,-0.8057412374245417,1,True,False
382,3570000,-0.9226954157370202,0.047278311684073836,-0.5701867118926005,0.22441012833299692,1,0,1,0,0,-0.8057412374245417,0,False,False
383,3570000,-0.30004452572237966,1.4034193573588298,1.4218117367065486,0.22441012833299692,1,0,1,0,0,1.5176924895404067,0,False,False
384,3570000,-0.30004452572237966,-1.308862733990682,-0.5701867118926005,-0.9293966635677897,0,0,0,0,0,-0.8057412374245417,0,False,False
385,3570000,-0.6966962038057802,-1.308862733990682,-0.5701867118926005,-0.9293966635677897,1,0,0,0,0,-0.8057412374245417,0,False,True
386,3535000,-0.5998393986923918,0.047278311684073836,-0.5701867118926005,-0.9293966635677897,1,0,0,0,0,1.5176924895404067,0,False,True
387,3500000,-0.4199624749103845,0.047278311684073836,-0.5701867118926005,0.22441012833299692,1,0,0,0,1,-0.8057412374245417,0,True,False
388,3500000,-0.692083974990857,0.047278311684073836,-0.5701867118926005,0.22441012833299692,1,0,0,0,0,-0.8057412374245417,0,False,True
389,3500000,-0.253922237573147,1.4034193573588298,-0.5701867118926005,0.22441012833299692,1,0,0,0,0,-0.8057412374245417,0,True,False
390,3500000,-1.3908366404517314,0.047278311684073836,1.4218117367065486,0.22441012833299692,0,0,0,0,0,-0.8057412374245417,0,False,True
391,3500000,-0.9752748242271454,0.047278311684073836,-0.5701867118926005,0.22441012833299692,1,0,1,0,0,-0.8057412374245417,0,True,False
392,3500000,-0.535268195283466,0.047278311684073836,-0.5701867118926005,0.22441012833299692,1,0,0,0,0,-0.8057412374245417,0,True,False
393,3500000,1.0485711797611825,0.047278311684073836,-0.5701867118926005,-0.9293966635677897,0,0,0,0,0,-0.8057412374245417,0,False,True
394,3500000,-0.7704918648445525,0.047278311684073836,-0.5701867118926005,-0.9293966635677897,0,0,0,0,1,-0.8057412374245417,0,False,True
395,3500000,-0.7151451190654733,4.115701448708341,-0.5701867118926005,0.22441012833299692,1,0,0,0,0,0.35597562605793237,0,False,True
396,3500000,-0.6966962038057802,-1.308862733990682,-0.5701867118926005,-0.9293966635677897,1,0,0,0,0,0.35597562605793237,0,True,False
397,3500000,0.3456675083668772,-1.308862733990682,-0.5701867118926005,-0.9293966635677897,1,0,0,0,0,0.35597562605793237,0,False,False
398,3500000,-0.93653210218179,0.047278311684073836,-0.5701867118926005,0.22441012833299692,1,0,0,0,0,0.35597562605793237,0,False,True
399,3500000,1.0144406865307503,-1.308862733990682,-0.5701867118926005,-0.9293966635677897,1,0,0,0,0,0.35597562605793237,0,True,False
400,3500000,-0.7557327326367981,-1.308862733990682,-0.5701867118926005,-0.9293966635677897,1,0,0,0,0,0.35597562605793237,1,False,True
401,3500000,2.006069881739252,0.047278311684073836,-0.5701867118926005,0.22441012833299692,1,0,0,0,0,2.679409353022881,1,False,True
402,3500000,0.3364430507370307,-1.308862733990682,-0.5701867118926005,-0.9293966635677897,1,0,0,0,0,-0.8057412374245417,0,False,True
403,3500000,3.5945214855988237,0.047278311684073836,-0.5701867118926005,-0.9293966635677897,1,0,0,0,0,-0.8057412374245417,0,False,True
404,3493000,-0.11555537312544913,0.047278311684073836,-0.5701867118926005,0.22441012833299692,0,0,0,0,0,-0.8057412374245417,0,False,True
405,3465000,-0.9642054750713296,0.047278311684073836,-0.5701867118926005,-0.9293966635677897,1,0,0,0,0,-0.8057412374245417,0,False,True
406,3465000,0.07815823710132792,-1.308862733990682,-0.5701867118926005,-0.9293966635677897,1,0,0,0,0,0.35597562605793237,1,False,True
407,3465000,-1.386224411636808,0.047278311684073836,-0.5701867118926005,1.3782169202337835,1,0,0,0,0,-0.8057412374245417,1,False,False
408,3430000,-0.5306559664685429,-1.308862733990682,-0.5701867118926005,-0.9293966635677897,1,0,0,0,0,-0.8057412374245417,0,False,True
409,3430000,-0.9065526148847888,-1.308862733990682,-0.5701867118926005,-0.9293966635677897,1,0,0,0,0,1.5176924895404067,0,False,True
410,3430000,-0.5998393986923918,0.047278311684073836,-0.5701867118926005,-0.9293966635677897,1,0,0,0,0,-0.8057412374245417,0,False,True
411,3430000,-1.386224411636808,0.047278311684073836,-0.5701867118926005,1.3782169202337835,1,0,0,0,0,-0.8057412374245417,1,False,False
412,3430000,-1.1717557717428764,0.047278311684073836,-0.5701867118926005,0.22441012833299692,1,0,1,0,0,-0.8057412374245417,1,False,True
413,3430000,-1.4761628735278118,0.047278311684073836,1.4218117367065486,0.22441012833299692,1,0,1,0,0,-0.8057412374245417,1,False,True
414,3423000,-0.5122070512088498,-1.308862733990682,-0.5701867118926005,-0.9293966635677897,1,0,0,0,0,-0.8057412374245417,0,False,True
415,3395000,-0.16859600449706666,0.047278311684073836,-0.5701867118926005,0.22441012833299692,1,1,1,0,1,0.35597562605793237,0,False,False
416,3395000,-0.7843285512893223,0.047278311684073836,-0.5701867118926005,-0.9293966635677897,1,0,1,0,0,1.5176924895404067,0,False,True
417,3395000,-0.6966962038057802,-1.308862733990682,-0.5701867118926005,-0.9293966635677897,1,0,0,0,0,-0.8057412374245417,0,False,False
418,3360000,-0.761267407214706,1.4034193573588298,-0.5701867118926005,0.22441012833299692,1,0,0,0,1,1.5176924895404067,0,False,True
419,3360000,-0.08788200023590954,1.4034193573588298,-0.5701867118926005,1.3782169202337835,0,0,0,0,0,-0.8057412374245417,0,True,False
420,3360000,-0.47530922068946363,-1.308862733990682,-0.5701867118926005,0.22441012833299692,1,0,0,0,0,-0.8057412374245417,0,False,True
421,3360000,-0.18473880534929807,-1.308862733990682,-0.5701867118926005,-0.9293966635677897,1,0,0,0,0,-0.8057412374245417,0,False,True
422,3360000,-0.6597983732863942,-1.308862733990682,-0.5701867118926005,-0.9293966635677897,0,0,0,0,1,-0.8057412374245417,0,False,True
423,3360000,-0.6459616868416244,0.047278311684073836,-0.5701867118926005,-0.9293966635677897,1,0,0,0,0,-0.8057412374245417,0,False,True
424,3360000,-0.9457565598116365,0.047278311684073836,-0.5701867118926005,0.22441012833299692,0,0,1,0,0,-0.8057412374245417,0,True,False
425,3360000,-0.9065526148847888,-1.308862733990682,-0.5701867118926005,-0.9293966635677897,1,0,1,0,0,1.5176924895404067,0,False,False
426,3353000,-1.130245712408567,0.047278311684073836,-0.5701867118926005,-0.9293966635677897,0,0,0,0,0,-0.8057412374245417,0,False,False
427,3332000,-1.386224411636808,0.047278311684073836,-0.5701867118926005,0.22441012833299692,1,0,1,0,0,-0.8057412374245417,1,False,False
428,3325000,-0.5122070512088498,-1.308862733990682,-0.5701867118926005,-0.9293966635677897,1,0,0,0,0,0.35597562605793237,0,False,True
429,3325000,-0.17320823331198992,1.4034193573588298,-0.5701867118926005,0.22441012833299692,1,0,0,0,0,-0.8057412374245417,0,False,True
430,3290000,-1.2224902887070324,-1.308862733990682,-0.5701867118926005,-0.9293966635677897,0,0,0,0,1,-0.8057412374245417,0,False,True
431,3290000,-0.9088587292922504,1.4034193573588298,-0.5701867118926005,0.22441012833299692,1,0,1,0,1,-0.8057412374245417,0,False,True
432,3290000,0.4194631694056494,0.047278311684073836,-0.5701867118926005,-0.9293966635677897,1,1,1,0,0,-0.8057412374245417,0,False,False
433,3290000,-0.7704918648445525,1.4034193573588298,-0.5701867118926005,0.22441012833299692,0,0,0,0,0,0.35597562605793237,0,True,False
434,3290000,-0.6265903258189467,1.4034193573588298,-0.5701867118926005,0.22441012833299692,1,0,0,0,0,-0.8057412374245417,0,True,False
435,3290000,-0.5122070512088498,-1.308862733990682,-0.5701867118926005,-0.9293966635677897,1,0,0,0,0,-0.8057412374245417,0,False,True
436,3290000,-1.386224411636808,0.047278311684073836,-0.5701867118926005,0.22441012833299692,1,0,1,0,0,-0.8057412374245417,1,False,False
437,3290000,0.3364430507370307,0.047278311684073836,-0.5701867118926005,-0.9293966635677897,1,0,0,0,0,0.35597562605793237,0,False,True
438,3255000,-0.30004452572237966,-1.308862733990682,-0.5701867118926005,-0.9293966635677897,0,0,0,0,0,-0.8057412374245417,0,True,False
439,3255000,-0.5629415681730057,-1.308862733990682,-0.5701867118926005,-0.9293966635677897,0,0,0,0,0,-0.8057412374245417,0,False,True
440,3234000,-0.6966962038057802,1.4034193573588298,-0.5701867118926005,0.22441012833299692,1,0,1,0,0,-0.8057412374245417,0,False,True
441,3220000,-0.36000350031638206,0.047278311684073836,-0.5701867118926005,0.22441012833299692,1,0,0,0,0,-0.8057412374245417,0,False,True
442,3220000,-1.1376252785124443,-1.308862733990682,-0.5701867118926005,-0.9293966635677897,1,0,0,0,1,0.35597562605793237,0,False,True
443,3220000,-0.3830646443909984,0.047278311684073836,-0.5701867118926005,-0.9293966635677897,0,0,0,0,0,0.35597562605793237,0,False,True
444,3220000,-0.93653210218179,0.047278311684073836,-0.5701867118926005,0.22441012833299692,0,0,0,0,0,-0.8057412374245417,0,False,False
445,3150000,-0.7843285512893223,-2.665003779665438,-0.5701867118926005,-0.9293966635677897,1,0,0,0,0,-0.8057412374245417,0,False,False
446,3150000,-0.5371130868094354,-1.308862733990682,1.4218117367065486,-0.9293966635677897,0,1,1,0,0,0.35597562605793237,0,False,True
447,3150000,-0.761267407214706,-1.308862733990682,-0.5701867118926005,-0.9293966635677897,0,0,1,0,0,-0.8057412374245417,0,True,False
448,3150000,-0.4868397927267718,-1.308862733990682,-0.5701867118926005,-0.9293966635677897,1,0,0,0,0,1.5176924895404067,0,True,False
449,3150000,-1.6145297379755097,0.047278311684073836,-0.5701867118926005,0.22441012833299692,0,0,1,0,0,-0.8057412374245417,0,False,True
450,3150000,-0.7843285512893223,0.047278311684073836,-0.5701867118926005,0.22441012833299692,1,0,1,0,0,-0.8057412374245417,0,True,False
451,3150000,0.7377069576353545,-1.308862733990682,-0.5701867118926005,-0.9293966635677897,1,0,0,0,0,-0.8057412374245417,0,True,False
452,3150000,1.7754584409930887,0.047278311684073836,-0.5701867118926005,0.22441012833299692,1,0,0,0,0,1.5176924895404067,0,True,False
453,3150000,-0.9600544691378986,-1.308862733990682,-0.5701867118926005,-0.9293966635677897,1,0,0,0,0,0.35597562605793237,0,False,True
454,3143000,-0.30004452572237966,0.047278311684073836,-0.5701867118926005,0.22441012833299692,1,0,0,0,1,-0.8057412374245417,0,False,True
455,3129000,0.15887224136248504,0.047278311684073836,-0.5701867118926005,-0.9293966635677897,1,0,1,0,0,-0.8057412374245417,0,False,True
456,3118850,-1.2695350226192497,0.047278311684073836,-0.5701867118926005,-0.9293966635677897,1,0,0,0,0,-0.8057412374245417,1,True,False
457,3115000,-0.9918788479608691,0.047278311684073836,-0.5701867118926005,-0.9293966635677897,0,0,0,0,1,-0.8057412374245417,0,False,True
458,3115000,-0.5998393986923918,0.047278311684073836,-0.5701867118926005,0.22441012833299692,1,0,0,0,0,-0.8057412374245417,0,False,True
459,3115000,-0.761267407214706,-1.308862733990682,-0.5701867118926005,-0.9293966635677897,1,0,0,0,0,-0.8057412374245417,0,False,True
460,3087000,1.3603578476499951,-1.308862733990682,-0.5701867118926005,-0.9293966635677897,1,0,0,0,0,0.35597562605793237,0,False,True
461,3080000,-0.08788200023590954,-1.308862733990682,-0.5701867118926005,-0.9293966635677897,1,0,1,0,1,-0.8057412374245417,0,False,True
462,3080000,-1.3793060684144232,0.047278311684073836,-0.5701867118926005,0.22441012833299692,0,0,1,0,0,-0.8057412374245417,0,True,False
463,3080000,-0.9503687886265597,-1.308862733990682,-0.5701867118926005,-0.9293966635677897,1,1,1,0,0,-0.8057412374245417,0,False,True
464,3080000,-0.30004452572237966,-1.308862733990682,-0.5701867118926005,0.22441012833299692,1,0,0,1,0,0.35597562605793237,0,True,False
465,3045000,-0.6229005427670081,-1.308862733990682,-0.5701867118926005,-0.9293966635677897,1,0,0,0,0,-0.8057412374245417,0,False,True
466,3010000,-0.9503687886265597,0.047278311684073836,-0.5701867118926005,0.22441012833299692,0,0,0,0,0,-0.8057412374245417,0,True,False
467,3010000,-0.8811853564027108,0.047278311684073836,-0.5701867118926005,0.22441012833299692,1,0,0,0,0,1.5176924895404067,0,True,False
468,3010000,-1.067980623407103,-1.308862733990682,-0.5701867118926005,-0.9293966635677897,1,0,0,0,0,-0.8057412374245417,0,True,False
469,3010000,-0.253922237573147,-1.308862733990682,-0.5701867118926005,-0.9293966635677897,1,0,0,0,0,-0.8057412374245417,0,False,False
470,3010000,-0.0343801459827997,0.047278311684073836,-0.5701867118926005,-0.9293966635677897,0,0,0,0,0,-0.8057412374245417,0,False,True
471,3010000,-0.6459616868416244,0.047278311684073836,-0.5701867118926005,0.22441012833299692,1,0,0,0,0,-0.8057412374245417,0,False,True
472,3010000,-0.7013084326207035,1.4034193573588298,-0.5701867118926005,0.22441012833299692,1,0,0,0,0,2.679409353022881,0,True,False
473,3003000,1.3372967035753787,-1.308862733990682,-0.5701867118926005,-0.9293966635677897,1,0,0,0,0,-0.8057412374245417,0,False,True
474,2975000,-0.368305512183244,1.4034193573588298,-0.5701867118926005,0.22441012833299692,0,0,0,0,0,0.35597562605793237,0,False,True
475,2961000,-0.9918788479608691,-1.308862733990682,-0.5701867118926005,0.22441012833299692,1,0,0,0,0,-0.8057412374245417,0,True,False
476,2940000,0.32260636429226086,0.047278311684073836,-0.5701867118926005,0.22441012833299692,1,0,1,0,0,0.35597562605793237,0,False,True
477,2940000,-0.08788200023590954,-1.308862733990682,-0.5701867118926005,-0.9293966635677897,1,0,0,0,0,-0.8057412374245417,0,False,True
478,2940000,-0.7151451190654733,0.047278311684073836,-0.5701867118926005,0.22441012833299692,0,0,0,0,0,0.35597562605793237,0,False,True
479,2940000,-0.6874717461759338,1.4034193573588298,-0.5701867118926005,0.22441012833299692,0,0,0,0,0,-0.8057412374245417,0,False,True
480,2940000,-0.7704918648445525,0.047278311684073836,-0.5701867118926005,0.22441012833299692,0,0,0,0,0,0.35597562605793237,0,True,False
481,2940000,-1.130245712408567,-1.308862733990682,-0.5701867118926005,-0.9293966635677897,0,0,0,0,0,-0.8057412374245417,0,False,False
482,2940000,-0.9226954157370202,0.047278311684073836,-0.5701867118926005,0.22441012833299692,0,0,0,0,0,-0.8057412374245417,0,False,True
483,2940000,0.6754418686338906,0.047278311684073836,-0.5701867118926005,0.22441012833299692,1,0,0,0,0,-0.8057412374245417,0,True,False
484,2870000,-0.9734299327011761,-1.308862733990682,-0.5701867118926005,-0.9293966635677897,0,0,0,0,0,-0.8057412374245417,0,False,True
485,2870000,-0.7013084326207035,-1.308862733990682,-0.5701867118926005,-0.9293966635677897,1,0,0,0,0,-0.8057412374245417,0,False,True
486,2870000,0.39178979651610985,-1.308862733990682,-0.5701867118926005,-0.9293966635677897,1,0,0,0,0,-0.8057412374245417,0,True,False
487,2870000,0.11505606762071403,1.4034193573588298,-0.5701867118926005,0.22441012833299692,1,0,0,0,0,-0.8057412374245417,0,False,True
488,2852500,0.02281149132224877,1.4034193573588298,-0.5701867118926005,1.3782169202337835,1,0,0,0,0,-0.8057412374245417,0,False,True
489,2835000,-0.8535119835131713,0.047278311684073836,-0.5701867118926005,0.22441012833299692,0,0,0,0,0,0.35597562605793237,0,True,False
490,2835000,-0.3692279579462286,0.047278311684073836,-0.5701867118926005,0.22441012833299692,0,0,0,1,0,0.35597562605793237,0,False,True
491,2835000,-1.1579190852981065,-1.308862733990682,-0.5701867118926005,-0.9293966635677897,0,0,0,0,0,0.35597562605793237,0,False,False
492,2800000,-1.1533068564831834,0.047278311684073836,-0.5701867118926005,0.22441012833299692,1,0,1,0,0,0.35597562605793237,0,False,True
493,2800000,-0.5491048817282359,0.047278311684073836,-0.5701867118926005,-0.9293966635677897,1,0,0,0,0,-0.8057412374245417,0,False,False
494,2730000,0.7607681017099709,-1.308862733990682,-0.5701867118926005,-0.9293966635677897,1,0,0,0,0,-0.8057412374245417,0,False,True
495,2730000,-0.5306559664685429,0.047278311684073836,-0.5701867118926005,0.22441012833299692,1,0,0,0,0,0.35597562605793237,0,False,True
496,2695000,-0.5306559664685429,-1.308862733990682,-0.5701867118926005,-0.9293966635677897,1,0,0,0,0,-0.8057412374245417,0,False,True
497,2660000,-0.5610966766470363,-1.308862733990682,-0.5701867118926005,-0.9293966635677897,1,0,0,0,0,-0.8057412374245417,0,False,True
498,2660000,-1.4531017294531954,-1.308862733990682,-0.5701867118926005,0.22441012833299692,1,0,0,0,0,-0.8057412374245417,0,True,False
499,2660000,-0.7013084326207035,0.047278311684073836,3.4138101853056977,0.22441012833299692,0,1,0,0,0,-0.8057412374245417,0,False,True
500,2660000,-1.0841234242593345,0.047278311684073836,-0.5701867118926005,-0.9293966635677897,1,0,0,0,0,-0.8057412374245417,0,False,True
501,2660000,-1.2547758904114952,0.047278311684073836,-0.5701867118926005,-0.9293966635677897,0,0,0,0,0,-0.8057412374245417,0,False,True
502,2660000,-0.7704918648445525,-1.308862733990682,-0.5701867118926005,-0.9293966635677897,1,0,0,0,0,0.35597562605793237,0,True,False
503,2660000,-0.5306559664685429,0.047278311684073836,-0.5701867118926005,-0.9293966635677897,1,0,0,0,0,-0.8057412374245417,0,True,False
504,2653000,-0.9065526148847888,-1.308862733990682,-0.5701867118926005,-0.9293966635677897,1,0,0,0,1,-0.8057412374245417,0,False,True
505,2653000,-0.5306559664685429,0.047278311684073836,-0.5701867118926005,0.22441012833299692,1,0,0,0,1,-0.8057412374245417,0,False,True
506,2604000,-1.0333889072951785,-1.308862733990682,-0.5701867118926005,-0.9293966635677897,0,0,0,0,0,-0.8057412374245417,0,False,True
507,2590000,-0.7151451190654733,-1.308862733990682,-0.5701867118926005,-0.9293966635677897,1,0,0,0,0,-0.8057412374245417,0,False,True
508,2590000,-0.3461668138716123,-1.308862733990682,-0.5701867118926005,-0.9293966635677897,1,0,0,0,0,-0.8057412374245417,0,False,True
509,2590000,-0.7151451190654733,-1.308862733990682,1.4218117367065486,0.22441012833299692,1,0,1,0,0,0.35597562605793237,0,False,False
510,2520000,-1.0472255937399484,0.047278311684073836,-0.5701867118926005,-0.9293966635677897,0,0,0,0,0,-0.8057412374245417,0,False,True
511,2520000,-0.9088587292922504,0.047278311684073836,-0.5701867118926005,-0.9293966635677897,0,0,0,0,0,-0.8057412374245417,0,False,True
512,2520000,-0.9918788479608691,-1.308862733990682,-0.5701867118926005,0.22441012833299692,1,0,0,0,0,-0.8057412374245417,0,False,False
513,2485000,-0.3461668138716123,0.047278311684073836,-0.5701867118926005,0.22441012833299692,1,0,0,0,0,-0.8057412374245417,0,False,True
514,2485000,-0.9918788479608691,0.047278311684073836,-0.5701867118926005,0.22441012833299692,0,0,0,0,0,-0.8057412374245417,0,True,False
515,2450000,-0.8950220428474807,0.047278311684073836,-0.5701867118926005,0.22441012833299692,1,0,1,0,0,-0.8057412374245417,0,False,True
516,2450000,-0.8811853564027108,-1.308862733990682,-0.5701867118926005,-0.9293966635677897,0,1,0,0,0,0.35597562605793237,0,False,True
517,2450000,-0.9918788479608691,-1.308862733990682,-0.5701867118926005,-0.9293966635677897,1,0,0,0,0,0.35597562605793237,0,False,True
518,2450000,-0.761267407214706,-1.308862733990682,-0.5701867118926005,-0.9293966635677897,1,1,0,0,0,-0.8057412374245417,0,False,True
519,2450000,-0.1432287460149887,-1.308862733990682,-0.5701867118926005,0.22441012833299692,1,0,0,0,0,-0.8057412374245417,0,False,True
520,2450000,1.1758686950530646,-1.308862733990682,-0.5701867118926005,-0.9293966635677897,1,0,0,0,0,-0.8057412374245417,0,False,True
521,2408000,-0.6990023182132419,-1.308862733990682,-0.5701867118926005,-0.9293966635677897,0,0,0,0,0,-0.8057412374245417,0,False,True
522,2380000,-1.2340208607443404,0.047278311684073836,-0.5701867118926005,0.22441012833299692,1,0,0,0,0,-0.8057412374245417,0,False,False
523,2380000,-1.0901193217187346,1.4034193573588298,1.4218117367065486,0.22441012833299692,1,0,0,0,0,-0.8057412374245417,0,False,False
524,2380000,-0.870116007246895,-1.308862733990682,-0.5701867118926005,-0.9293966635677897,1,0,0,0,0,-0.8057412374245417,0,False,True
525,2345000,-0.6966962038057802,-1.308862733990682,-0.5701867118926005,-0.9293966635677897,1,0,0,0,0,-0.8057412374245417,0,False,True
526,2310000,-0.9088587292922504,-1.308862733990682,-0.5701867118926005,-0.9293966635677897,1,0,0,0,0,-0.8057412374245417,0,False,True
527,2275000,-1.528742282017937,-1.308862733990682,-0.5701867118926005,-0.9293966635677897,0,0,1,0,0,-0.8057412374245417,0,True,False
528,2275000,-0.5444926529133126,-2.665003779665438,-0.5701867118926005,-0.9293966635677897,0,0,0,0,0,-0.8057412374245417,0,False,True
529,2275000,-0.5444926529133126,0.047278311684073836,-0.5701867118926005,0.22441012833299692,1,0,1,0,0,-0.8057412374245417,0,False,True
530,2240000,-1.4761628735278118,0.047278311684073836,-0.5701867118926005,-0.9293966635677897,0,0,0,1,0,-0.8057412374245417,0,False,True
531,2233000,0.0689337794714814,0.047278311684073836,-0.5701867118926005,-0.9293966635677897,0,0,0,0,1,-0.8057412374245417,1,False,True
532,2135000,-0.9918788479608691,-1.308862733990682,-0.5701867118926005,-0.9293966635677897,0,0,0,0,0,-0.8057412374245417,0,False,True
533,2100000,-1.2686125768562648,0.047278311684073836,-0.5701867118926005,0.22441012833299692,1,0,0,0,0,-0.8057412374245417,0,False,True
534,2100000,-0.9918788479608691,1.4034193573588298,-0.5701867118926005,0.22441012833299692,1,0,0,0,0,-0.8057412374245417,0,False,True
535,2100000,-0.8258386106236316,-1.308862733990682,-0.5701867118926005,-0.9293966635677897,1,0,0,0,0,0.35597562605793237,0,False,True
536,1960000,-0.7981652377340921,2.7595604030335856,-0.5701867118926005,0.22441012833299692,0,0,0,0,0,-0.8057412374245417,0,False,True
537,1890000,-1.5914685939008932,0.047278311684073836,-0.5701867118926005,0.22441012833299692,1,0,0,0,0,-0.8057412374245417,0,False,True
538,1890000,-0.6925451978723494,-1.308862733990682,-0.5701867118926005,-0.9293966635677897,1,0,0,0,0,-0.8057412374245417,0,False,True
539,1855000,-0.9964910767757924,-1.308862733990682,-0.5701867118926005,-0.9293966635677897,0,0,0,0,0,0.35597562605793237,0,False,True
540,1820000,-0.9918788479608691,-1.308862733990682,-0.5701867118926005,-0.9293966635677897,1,0,1,0,0,1.5176924895404067,0,False,True
541,1767150,-1.2686125768562648,0.047278311684073836,-0.5701867118926005,-0.9293966635677897,0,0,0,0,0,-0.8057412374245417,0,True,False
542,1750000,-0.7059206614356268,-1.308862733990682,-0.5701867118926005,-0.9293966635677897,1,0,0,0,0,-0.8057412374245417,0,False,True
543,1750000,-1.0333889072951785,0.047278311684073836,-0.5701867118926005,-0.9293966635677897,0,0,0,0,0,-0.8057412374245417,0,False,False
544,1750000,-0.5998393986923918,0.047278311684073836,-0.5701867118926005,0.22441012833299692,1,0,0,0,0,-0.8057412374245417,0,False,True
